publishedAt,title,description,source,url
2025-05-27T19:38:53Z,"Citi Reiterates Buy Rating on Apple (AAPL), Keeps PT at $240",,Yahoo Entertainment,https://consent.yahoo.com/v2/collectConsent?sessionId=1_cc-session_621ab329-e178-4783-ac89-905b4393b793
2025-05-23T13:40:59Z,Apple stock slightly down as Trump threatens 25% tariffs over iPhones made outside the U.S.,"Apple shares are down at market open today after President Trump threatened new tariffs unless the company starts building iPhones in the United States.



 more…",9to5Mac,https://9to5mac.com/2025/05/23/apple-stock-drops-as-trump-threatens-tariffs/
2025-05-27T15:42:00Z,Trump's relationship with Apple in souring,"The president floated a 25% tariff on iPhones imported into the U.S. on Friday, adding that Apple (AAPL) would foot the bill. Read more...",Quartz India,https://qz.com/trump-tim-cook-apple-tariffs-iphone-india-1851782467
2025-05-20T14:29:00Z,Smartphone exports from China to the U.S. are plunging,"Apple (AAPL) iPhone exports from China to the U.S. dropped sharply last month, a casualty of the ongoing trade war between the world’s largest economies.Read more...",Quartz India,https://qz.com/apple-iphone-china-us-exports-smartphone-1851781472
2025-05-23T14:55:00Z,Apple stock slips as Trump threatens big tariffs on iPhones,"Apple (AAPL) stock fell on Friday after President Donald Trump threatened new tariffs on iPhones made in India, his latest attempt to strong-arm the tech giant to make its flagship product in the U.S.Read more...",Quartz India,https://qz.com/apple-stock-trump-tariffs-iphones-india-china-1851782158
2025-05-27T19:26:00Z,The Trump White House is sending mixed signals on Apple iPhone tariffs,"A top White House economic advisor said President Donald Trump doesn’t want to hurt Apple (AAPL) with its tariffs, only days after the president threatened the smartphone maker with steep import taxes on the iPhone.Read more...",Quartz India,https://qz.com/trump-white-house-apple-iphone-tariffs-hassett-1851782562
2025-05-21T18:39:00Z,Apple's famed design leader Jony Ive is coming to OpenAI,"OpenAI is acquiring io, a hardware startup co-founded by Apple (AAPL) design legend Jony Ive, in a deal valued at approximately $6.5 billion, the company announced Wednesday.Read more...",Quartz India,https://qz.com/open-ai-jony-ive-sam-altman-chatgpt-devices-apple-1851781779
2025-05-29T09:00:00Z,Apple is falling behind its Magnificent 7 rivals. Here's why,"The “Magnificent Seven” tech stocks led the market’s post-pandemic boom. But as Big Tech sprints into the AI future, one big name is falling dangerously behind: Apple (AAPL). Once an undisputed tech heavyweight, it risks becoming the least magnificent of them…",Quartz India,https://qz.com/apple-stock-magnificent-7-tech-ai-nvidia-google-amazon-1851782680
2025-05-21T12:00:18Z,"“Sorry, Steve: Here’s Why Apple Stores Won’t Work”","“Few outsiders think new stores, no matter how well-conceived, will get Apple back on the hot-growth path… Maybe it’s time Steve Jobs stopped thinking quite so differently.” —BusinessWeek, May 21, 2001   24 years to the day — May 21, 2001 — a Businessweek1 co…",Ritholtz.com,https://ritholtz.com/2025/05/sorry-steve/
2025-06-03T14:59:00Z,"Every iPhone ever made, in order of release","Apple’s (AAPL) first-generation iPhone entered the U.S. market in June 2007, joining other mobile devices that offered limited web browsing, email, and multimedia capabilities. As Apple’s flagship smartphone, the iPhone has seen an evolution in design, functi…",Quartz India,https://qz.com/apple-iphone-every-model-release-timeline-history-1851782000
2025-05-23T12:34:45Z,"Trump threatens 25% tariffs on iPhones and 50% levies against Europe, quickly tanking stocks",President Donald Trump is again escalating pressure on U.S. trade partners – as well as the tech companies caught in the middle. Read more...,Quartz India,https://qz.com/aapl-trump-tariffs-india-eu-1851782101
2025-05-22T20:20:00Z,"Kraken to offer tokenized securities, including Apple, Tesla, and Nvidia, to customers outside the U.S",Experts laud this as the beginning of a democratization of assets,Quartz India,https://qz.com/kraken-backed-solana-tokenized-us-securities-1851782038
2025-05-27T12:39:06Z,"Apple (AAPL) Faces Significant Threat From ChatGPT, Veteran Investor Says",,Yahoo Entertainment,https://consent.yahoo.com/v2/collectConsent?sessionId=1_cc-session_08b285e3-26a9-490a-ab31-9d716de0332f
2025-05-29T17:21:49Z,"UBS Maintains Neutral Rating on Apple (AAPL), Keeps $210 PT",,Yahoo Entertainment,https://consent.yahoo.com/v2/collectConsent?sessionId=1_cc-session_d84040ea-4e89-42d1-a786-bad85dd1b058
2025-06-06T13:48:05Z,Was Jim Cramer Right About Apple Inc. (AAPL)?,,Yahoo Entertainment,https://consent.yahoo.com/v2/collectConsent?sessionId=1_cc-session_5163330d-b460-48e5-837f-f0f87f4cc378
2025-05-23T16:10:00Z,Trump’s latest tariff threats could mean the Fed waits longer to cut interest rates,"The Federal Reserve might have to sit tight for longer before changing interest rates, a top Fed official said.Read more...",Quartz India,https://qz.com/federal-reserve-interest-rate-changes-trump-tariff-1851782178
2025-06-12T15:07:09Z,"Evaluating Apple Against Peers In Technology Hardware, Storage & Peripherals Industry","In the fast-paced and highly competitive business world of today, conducting thorough company analysis is essential for investors and industry observers. In this article, we will conduct an extensive industry comparison, evaluating Apple AAPL in relation to i…",Biztoc.com,https://biztoc.com/x/ceba440866e76a10
2025-06-02T21:14:00Z,The Trump administration is delaying a 25% tariff on Chinese-made graphics cards,"Graphics cards and motherboards assembled in China are avoiding President Donald Trump’s import taxes, for now.Read more...",Quartz India,https://qz.com/trump-tariff-delay-chinese-graphics-cards-gpu-1851783407
2025-06-09T19:42:34Z,OpenAI says it's making $10 billion in annual recurring revenue as ChatGPT grows,"Though still not expecting profitability until 2029, the AI giant is awash in rosy numbers",Not-qz.com,https://not-qz.com/openai-10-billion-annual-recurring-revenue-chatgpt-1851784131
2025-05-28T14:30:32Z,"Amazon's car software deal with Stellantis is ending, report says","Amazon’s (AMZN) partnership with Stellantis (STLA) to build car software that was supposed to create “a sustainable, software-defined future” of driving is “winding down,” Reuters confirmed on Wednesday.Read more...",Quartz India,https://qz.com/amazon-stellantis-car-software-partnership-smartcockpit-1851782655
2025-05-20T14:49:32Z,Well-Known Analyst Says Apple Inc. (AAPL) Is Enjoying a “Dream Scenario”,"The Trump administration’s 90-day tariff pause is “a dream scenario” for Apple Inc. (AAPL), Wedbush Securities analyst Dan Ives stated recently. The analyst ...",Yahoo Entertainment,https://finance.yahoo.com/news/well-known-analyst-says-apple-144932323.html
2025-06-08T09:00:00Z,"Apple, Oracle, Adobe and inflation: Stocks and economic data to watch this week","Expect news from Apple's WWDC, earnings reports from enterprise tech, and a key inflation reading that could affect the Fed's next interest rate decision",Not-qz.com,https://not-qz.com/aapl-adbe-orcl-wwdc-cpi-stock-market-1851783831
2025-06-08T09:00:00Z,"Apple, Oracle, Adobe and inflation: Stocks and economic data to watch this week","Last week, markets closed in the green, with the Dow, S&P 500, and Nasdaq all notching gains amid a bumper crop of political drama. The most explosive news came from the sudden and very public rupture between President Trump and Elon Musk, a feud that helped …",Quartz India,https://qz.com/aapl-adbe-orcl-wwdc-cpi-stock-market-1851783831
2025-06-02T11:07:53Z,"Why Apple can make iPhones only in China, and what Canada can learn from that","John Turley-Ewart is a contributing columnist for The Globe and Mail, a regulatory compliance consultant and a Canadian banking historian.
Why can’t Apple AAPL-Q make iPhones in the United States, or Canada for that matter? It’s a relevant question following …",Biztoc.com,https://biztoc.com/x/8eaf2e9298a1a357
2025-06-06T14:49:00Z,Amazon says it will crack down on fake reviews,"Under pressure from a U.K. regulator, Amazon agreed to make it easier for both consumers and businesses to report fake reviews and abuse",Not-qz.com,https://not-qz.com/amazon-fake-reviews-uk-crackdown-1851783818
2025-06-06T14:49:00Z,Amazon says it will clamp down on fake reviews,"Amazon (AMZN) has admitted it is awash in fake reviews and has promised to crack down, having agreed with a U.K. regulatory agency to sanction users and businesses that engage in the practice. The punishments Amazon will doll outinclude outright bans and dele…",Quartz India,https://qz.com/amazon-fake-reviews-uk-crackdown-1851783818
2025-06-09T19:00:00Z,OpenAI says it's making $10 billion in annual recurring revenue as ChatGPT grows,"One year after losing $5 billion, OpenAI is reporting $10 billion in annual recurring revenue, reports CNBC, due to revenue from ChatGPT business products. That number doesn’t include one-time deals or its licensing agreement with Microsoft (MSFT). Read more.…",Quartz India,https://qz.com/openai-10-billion-annual-recurring-revenue-chatgpt-1851784131
2025-05-29T20:22:34Z,Jim Cramer on Apple Inc. (AAPL): “They’ll Have the Best AI”,"We recently published a list of Jim Cramer Put These 14 Stocks Under the Microscope. In this article, we are going to take a look at where Apple Inc...",Yahoo Entertainment,https://finance.yahoo.com/news/jim-cramer-apple-inc-aapl-202234283.html
2025-05-22T14:38:00Z,OpenAI's next big bet: 100 million physical AI 'companions',"OpenAI CEO Sam Altman just said the company has a chance to “do the biggest thing” in its history: roll out 100 million AI-powered devices designed to sit on your desk, fit in your pocket, and integrate seamlessly into your daily life.Read more...",Quartz India,https://qz.com/openai-sam-altman-jony-ive-ai-companion-2026-chatgpt-1851781904
2025-05-28T14:28:53Z,"Apple Inc. (AAPL) Should Be Bought on Weakness, Veteran Investor Says",,Yahoo Entertainment,https://consent.yahoo.com/v2/collectConsent?sessionId=1_cc-session_fa4ea9b5-8c21-45fa-9d41-c66c456bd2eb
2025-05-28T08:20:25Z,"Trump’s 25% Tariff Threat Looms, But Apple (AAPL) Isn’t Moving – Yet",,Yahoo Entertainment,https://consent.yahoo.com/v2/collectConsent?sessionId=1_cc-session_813d24f2-b40b-4b1e-8026-5d19a8acfab3
2025-05-29T19:15:22Z,UBS Reiterates Neutral on Apple (AAPL) as Tariff Talk Sparks iPhone Buying Surge,,Yahoo Entertainment,https://consent.yahoo.com/v2/collectConsent?sessionId=1_cc-session_19c99a1e-fdb0-4425-bc0d-5fecb5f7cb9e
2025-06-11T20:45:55Z,"Apple (AAPL) Gets Buy Rating Despite AI Letdown at WWDC25, Says Goldman Sachs",,Yahoo Entertainment,https://consent.yahoo.com/v2/collectConsent?sessionId=1_cc-session_fd4166e2-1bf9-469c-b492-a1eed16a5153
2025-06-06T14:13:45Z,"Apple Inc. (AAPL): CEO Tim Cook Is The “Best Mover,” Says Jim Cramer",,Yahoo Entertainment,https://consent.yahoo.com/v2/collectConsent?sessionId=1_cc-session_53e36b0e-3a29-4bab-b1f6-6546b0f7f1ad
2025-06-04T18:05:58Z,"Apple Inc. (AAPL) to Show Off Incremental AI at WWDC, Analysts Temper Hype",,Yahoo Entertainment,https://consent.yahoo.com/v2/collectConsent?sessionId=1_cc-session_b087c887-9fbc-49ab-b806-634d7dd2a486
2025-05-22T17:11:46Z,"“Some Say” Tesla (TSLA) Is Like Pre-iTunes Apple (AAPL), Tech Researcher Reports",,Yahoo Entertainment,https://consent.yahoo.com/v2/collectConsent?sessionId=1_cc-session_1c916ed2-fdc2-4831-a300-4e7d1f688cc2
2025-05-22T17:03:40Z,"Nvidia, Tesla, and Apple stocks will be tokenized by Kraken","Apple, Tesla & Nvidia will be just some of the 50+ tokenized stocks & ETFs that will trade 24/7 on Kraken.",TheStreet,https://www.thestreet.com/crypto/markets/nvidia-tesla-and-apple-stocks-will-be-tokenized-by-kraken
2025-06-13T16:42:11Z,Apple (AAPL) Risks Falling Behind as WWDC's AI Reveal Disappoints,,Yahoo Entertainment,https://consent.yahoo.com/v2/collectConsent?sessionId=1_cc-session_187a5c74-7db1-4390-8a29-bf2024d745da
2025-05-20T21:51:26Z,Apple (AAPL) Sees iPhone Shipments Plunge Amid Tariff Escalation,,Yahoo Entertainment,https://consent.yahoo.com/v2/collectConsent?sessionId=1_cc-session_18c70cbe-9e0d-4711-8bc7-b515828ca9ef
2025-05-22T03:01:31Z,Apple Brings Back Fortnite to U.S. App Store After Five-Year Absence,"Apple Inc. (NASDAQ:AAPL) has authorized Fortnite’s re-entry into the US App Store, bringing an end to a five-year absence that started in 2020. The ruling...",Yahoo Entertainment,https://finance.yahoo.com/news/apple-brings-back-fortnite-u-030131496.html
2025-06-05T20:07:00Z,Microsoft stock just hit a record high as it cashes in on the AI boom,"Microsoft (MSFT) stock just clocked an intraday record on Thursday ($468.49), a milestone that caps off the company’s aggressive AI moves — and even more aggressive expectations. Wall Street isn’t just rewarding Microsoft for showing up to the AI race, it’s p…",Quartz India,https://qz.com/microsoft-intraday-stock-high-ai-june-2025-1851783771
2025-05-19T14:52:00Z,China's Xiaomi will spend $7 billion on homegrown chips amid the trade war,"China’s Xiaomi will invest at least $6.9 billion over the next decade to develop its own semiconductor chips, the company announced Monday.Read more...",Quartz India,https://qz.com/xiaomi-7-billion-chips-in-house-trade-war-lei-jun-1851781251
2025-06-05T20:07:00Z,Microsoft stock just hit a record high as it cashes in on the AI boom,"Microsoft’s AI push is turning into profits, positioning the company as Big Tech’s most convincing bet",Not-qz.com,https://not-qz.com/microsoft-intraday-stock-high-ai-june-2025-1851783771
2025-05-27T12:28:00Z,Markets soar after Trump walks back EU trade threats,"U.S. stock futures soared Tuesday morning, with S&P 500 futures rising around 1.4%, Nasdaq futures gaining 1.5%, and Dow futures climbing over 1%, in a rebound from last week’s selloff. Read more...",Quartz India,https://qz.com/aapl-nvda-s-p-500-nasdaq-dow-1851782405
2025-05-21T16:10:19Z,"Apple to let third-parties write software with its AI models, Bloomberg reports","Apple (AAPL) plans to let third-party developers write software using its AI models, and is working on a software development kit and related frameworks that...",Yahoo Entertainment,https://finance.yahoo.com/news/apple-let-third-parties-write-161019812.html
2025-05-23T12:14:16Z,"Good Vibes Shattered as Trump Revives Trade War, Sending Bitcoin Tumbling Below $109K",The president Friday morning threatened an imminent 50% tariff on all EU imports as well as a 25% levy on imported Apple iPhones.,CoinDesk,https://www.coindesk.com/markets/2025/05/23/good-vibes-shattered-as-trump-revives-trade-war-bitcoin-tumbles-below-usd109k
2025-05-17T13:28:16Z,Today in Apple history: John Sculley brings ‘Pepsi Generation’ marketing to Apple,"On May 17, 1983, former Pepsi-Cola boss John Sculley became Apple's third president and CEO. He brought some serious marketing savvy.
(via Cult of Mac - Apple news, rumors, reviews and how-tos)",Cult of Mac,https://www.cultofmac.com/apple-history/john-sculley
2025-05-17T13:28:16Z,Today in Apple history: John Sculley brings ‘Pepsi Generation’ marketing to Apple,"On May 17, 1983, former Pepsi-Cola boss John Sculley became Apple's third president and CEO. He brought some serious marketing savvy.
(via Cult of Mac - Apple news, rumors, reviews and how-tos)",Cult of Mac,https://www.cultofmac.com/apple-history/john-sculley-becomes-apple-ceo
2025-06-05T08:27:46Z,Jim Cramer Notes Apple Inc (AAPL) Faces Tariff Pain Over India Shift,"We recently published a list of Jim Cramer Talked About These 16 Stocks Recently. In this article, we are going to take a look at where Apple Inc...",Yahoo Entertainment,https://finance.yahoo.com/news/jim-cramer-notes-apple-inc-082746110.html
2025-05-25T05:48:09Z,Apple (AAPL) Faces a New Kind of Rival – And Wall Street Is Paying Attention,"We recently published a list of 10 AI Stocks on Wall Street’s Radar. In this article, we are going to take a look at where Apple Inc. (NASDAQ:AAPL) stands...",Yahoo Entertainment,https://finance.yahoo.com/news/apple-aapl-faces-kind-rival-054809778.html
2025-05-23T14:36:18Z,Mizuho’s Klein on Trump/Apple: ’Tim Cook has no great outcomes here’,"Investing.com -- In a note to clients on Friday, Mizuho TMT specialist Jordan Klein warned that escalating rhetoric from President Donald Trump targeting...",Yahoo Entertainment,https://finance.yahoo.com/news/mizuho-klein-trump-apple-tim-143618596.html
2025-06-05T12:24:55Z,Apple (AAPL) Downgraded to 'Hold' by Needham on Weak iPhone Outlook,,Yahoo Entertainment,https://consent.yahoo.com/v2/collectConsent?sessionId=1_cc-session_89f0a2d0-9870-4a72-82e7-668485a43a75
2025-06-10T18:47:56Z,"Apple (AAPL) Unveils 'Liquid Glass' Redesign, But AI Upgrades Leave Wall Street Cold",,Yahoo Entertainment,https://consent.yahoo.com/v2/collectConsent?sessionId=1_cc-session_02691dea-12bf-47f1-ac16-a60abf8ce78d
2025-06-04T20:19:17Z,Market’s New Hope for Apple (AAPL) ‘Super Cycle’ After AI Dissappointment: iPhone Air,,Yahoo Entertainment,https://consent.yahoo.com/v2/collectConsent?sessionId=1_cc-session_d7f4c93c-b48e-4167-a2ea-eddd1d647559
2025-06-05T12:05:29Z,Gene Munster Highlights ‘Critical’ Event for Apple (AAPL) Investors Amid ‘Uniquely Fluid’ Situation,,Yahoo Entertainment,https://consent.yahoo.com/v2/collectConsent?sessionId=1_cc-session_57cfa205-2006-4e4d-92af-11eab4829b27
2025-06-15T11:00:00Z,Concentrated Stock Positions: Compounding Versus Risk,Allowing big winners to grow is a proven strategy employed by Buffett and Munger. The magic behind the strategy and the risks of concentrated positions are examined.,Forbes,https://www.forbes.com/sites/bill_stone/2025/06/15/concentrated-stock-positions-compounding-versus-risk/
2025-05-22T23:56:12Z,Apple Inc. (AAPL) Partners with Emory Healthcare to Power First U.S. Hospital with Its Devices,,Yahoo Entertainment,https://consent.yahoo.com/v2/collectConsent?sessionId=1_cc-session_b7a1ae2b-f06c-4eff-8fdc-f5a645733826
2025-05-28T13:32:16Z,Apple (AAPL) Suppliers in China Slide on Trump's New Tariff Threats,,Yahoo Entertainment,https://consent.yahoo.com/v2/collectConsent?sessionId=1_cc-session_dfd28752-d3b1-457b-93b2-af101769b5de
2025-06-06T16:26:41Z,Is Apple or Disney Stock a Better Buy?,"Apple and Disney are both huge players in the entertainment sector. The question is, when it comes to Apple vs. Disney stock, which is the smarter investment...",Yahoo Entertainment,https://finance.yahoo.com/news/apple-stock-disney-stock-better-160114979.html
2025-05-22T09:00:00Z,Wearables have flopped. Can Jony Ive and OpenAI change that?,"For more than a decade, Silicon Valley has been trying to convince us that the next big thing would be something you wear. The pitch was always slick: computers so seamlessly integrated into our lives that we’d barely notice them, devices that would augment r…",Quartz India,https://qz.com/openai-jony-ive-apple-chatgpt-wearables-ai-google-meta-1851781850
2025-05-30T16:34:23Z,Google's antitrust case could hinge on the definition of AI,"On the final day of the most consequential tech antitrust trial in decades, a question from the bench may have gotten to the core of Google’s (GOOGL) defense: Could artificial intelligence already be doing what regulators hope to accomplish through the courts…",Quartz India,https://qz.com/google-antitrust-case-ai-search-chatgpt-1851783125
2025-05-23T15:01:00Z,OnlyFans in talks to be sold for billions of dollars: Report,"OnlyFans, a website that’s been called the future of sex work, could soon be sold to L.A. investment firm Forest Road Company, according to a report in Reuters, at a valuation of $8 billion.Read more...",Quartz India,https://qz.com/onlyfans-deal-talks-billions-forest-road-1851782146
2025-05-21T13:58:32Z,Baidu's AI cloud soars — but the risks are stacking up,"China’s biggest AI player, Baidu (BIDU), beat expectations with a surge in cloud revenue, but its ad business is shrinking, it’s slashing AI prices to stay ahead of local rivals, and fresh U.S. chip export issues could cut its momentum short.Read more...",Quartz India,https://qz.com/baidu-q1-earnings-ai-prices-revenue-google-nasdaq-1851781675
2025-06-04T15:15:32Z,Today in Apple history: Mac clone-maker peaks before a dizzying decline,"On June 4, 1997, Mac clone-maker Power Computing hit its high point and began a rapid decline. By early 1998, it was out of business.
(via Cult of Mac - A 24/7 website publishing the latest Apple news, rumors, reviews, how-tos and deals.)",Cult of Mac,https://www.cultofmac.com/news/mac-clone-maker-power-computing-peaks
2025-05-21T16:18:22Z,"Bitcoin Overtakes Amazon as the Fifth Largest Asset, Hitting $2.16T Market Cap","Bitcoin rose to a new high of $109,400 on Wednesday before consolidating marginally lower.",CoinDesk,https://www.coindesk.com/markets/2025/05/21/bitcoin-overtakes-amazon-as-the-fifth-largest-asset-hitting-usd2-16t-market-cap
2025-05-26T15:10:16Z,Today in Apple history: Apple becomes world’s most valuable tech company,"On May 26, 2010, Apple passed Microsoft to become the world’s most valuable technology company. It was a significant milestone.
(via Cult of Mac - Apple news, rumors, reviews and how-tos)",Cult of Mac,https://www.cultofmac.com/apple-history/apple-passes-microsoft-most-valuable-tech-company
2025-05-22T15:21:38Z,Why Goldman Remains Bullish on Apple (AAPL),"Predicting that Apple Inc. (NASDAQ:AAPL) will unveil significant, new technical advancements next month, Goldman Sachs kept a $253 price target and a Buy...",Yahoo Entertainment,https://finance.yahoo.com/news/why-goldman-remains-bullish-apple-152138051.html
2025-06-05T16:43:31Z,Apple's loses bid to halt court ruling that blocks some fees from its iPhone app store,A three-judge appeals panel rejected Apple's request to pause an April 30 order banning the company from charging a fee on in-app iPhone transactions...,Yahoo Entertainment,https://finance.yahoo.com/news/apples-loses-bid-halt-court-164331632.html
2025-06-01T12:30:00Z,The Latest Debt Downgrade Is Our Shot At Cheap 9% Dividends,This latest US debt downgrade is a buying opportunity for us contrarians. I say that because we had the same (profitable) setup the last three times.,Forbes,https://www.forbes.com/sites/michaelfoster/2025/06/01/the-latest-debt-downgrade-is-our-shot-at-cheap-9-dividends/
2025-06-04T12:21:18Z,Nvidia Stock Rises After Reclaiming Crown From Microsoft as World's Most Valuable Firm,"Nvidia shares are rising in premarket trading Wednesday, a day after it overtook Microsoft to become the world's most valuable company again.",Investopedia,https://www.investopedia.com/nvidia-stock-rises-after-reclaiming-crown-from-microsoft-as-worlds-most-valuable-firm-11747876
2025-05-27T20:45:00Z,Europe-Focused ETFs Leap After Tariff Deadline Extended,"- VGK, IEUR, EZ all moved more than 1% higher; US ETFs like VOO also jumped. - The tariff deadline was extended to July 9. - Trump climbed down from earlier ...",Etf.com,http://www.etf.com/sections/news/europe-focused-etfs-leap-after-tariff-deadline-extended?utm_source=yahoo-finance&amp;utm_medium=rss&amp;utm_campaign=yahoo-finance-rss
2025-05-19T14:31:50Z,Apple Inc. (AAPL) Faces AI Roadblock as Competition Heats Up,,Yahoo Entertainment,https://consent.yahoo.com/v2/collectConsent?sessionId=1_cc-session_d2e43325-6b67-4120-9cc4-ff03784f9b15
2025-05-20T17:33:57Z,"Evercore ISI Reiterates Outperform on Apple (AAPL), Targets $250","We recently published a list of 11 AI Stocks On Wall Street’s Radar. In this article, we are going to take a look at where Apple Inc. (NASDAQ:AAPL) stands...",Yahoo Entertainment,https://finance.yahoo.com/news/evercore-isi-reiterates-outperform-apple-173357056.html
2025-05-20T17:33:44Z,"Apple (AAPL) Still Under-Owned, Says Morgan Stanley","We recently published a list of 15 AI Stocks Surging on News and Analyst Ratings. In this article, we are going to take a look at where Apple Inc...",Yahoo Entertainment,https://finance.yahoo.com/news/apple-aapl-still-under-owned-173344392.html
2025-05-27T21:16:09Z,Famous Investor Suggests That Apple (AAPL) Is Not a Buy,,Yahoo Entertainment,https://consent.yahoo.com/v2/collectConsent?sessionId=1_cc-session_bb70f618-4adf-4615-9186-5a09bca14b7c
2025-06-16T08:47:18Z,米Spigen、iMac G3風デザインのiPhone/AirPods用ケースなどを揃えるClassic C1シリーズから、Apple Watchワイヤレス充電器用ケース「Apple Watch Classic C1 Charger Stand」を発売。,"米SpigenがiMac G3デザインのiPhone用ケースClassic C1シリーズから、Apple Watchワイヤレス充電器用の「Apple Watch Classic C1 Charger Stand」を発売 […]
The post 米Spigen、iMac G3風デザインのiPhone/AirPods用ケースなどを揃えるClassic C1シリーズから、Apple Watchワイヤレス充電器用ケース「Apple Watch Classic C1 Charger Stand」を発売。 first ap…",Applech2.com,https://applech2.com/archives/20250616-apple-watch-classic-c1-charger-stand.html
2025-05-27T13:58:22Z,Trump’s Tariff Chaos Is Hitting Small Businesses Hard,"$SPX Nears 6,000, but Trump’s Tariff Chaos Is Hitting Small Businesses Hard",Forbes,https://www.forbes.com/sites/jonmarkman/2025/05/27/trumps-tariff-chaos-is-hitting-small-businesses-hard/
2025-05-23T13:56:00Z,Trump demands Apple make iPhones in the US or face a 25% tariff,"""I have long ago informed Tim Cook of Apple that I expect their iPhone's that will be sold in the United States of America will be manufactured and built in the United States, not India, or anyplace else,"" Trump wrote in a post on his Truth Social platform ea…",TechSpot,https://www.techspot.com/news/108040-trump-demands-apple-make-iphones-us-or-face.html
2025-05-30T20:55:16Z,Apple appears ready to flex its AI model muscles,"Since Apple Intelligence launched last fall, the company’s AI efforts have mostly amounted to a string of setbacks, delays, and no-shows…
The post Apple appears ready to flex its AI model muscles appeared first on MacDailyNews.",Macdailynews.com,https://macdailynews.com/2025/05/30/apple-appears-ready-to-flex-its-ai-model-muscles/
2025-06-04T15:07:48Z,"Apple's Valuation Under Fire, Says Needham",Slow revenue and margin growth vs. Big Tech peers put premium valuation at risk,Yahoo Entertainment,https://finance.yahoo.com/news/apples-valuation-under-fire-says-150748064.html
2025-06-02T11:30:10Z,AmazonスマイルSALEで、SpigenのMacBook Air/Pro、Vision Proケースや、elagoのMac miniシリコンカバーやApple Watch充電器用ケースなどがセール中。,"AmazonスマイルSALEで、SpigenのMacBook Air/Pro、Vision ProケースやelagoのMac miniシリコンカバーやApple Watch充電器用ケースなどがセールとなっています。詳細 […]
The post AmazonスマイルSALEで、SpigenのMacBook Air/Pro、Vision Proケースや、elagoのMac miniシリコンカバーやApple Watch充電器用ケースなどがセール中。 first appeared on AAPL Ch..",Applech2.com,https://applech2.com/archives/20250602-amazon-smile-sale-apple-accessory.html
2025-06-09T13:30:40Z,"Stock market today: S&P 500, Dow, Nasdaq mixed as US and China reboot trade talks",S&P 500 traded near the benchmark's record highs as talks provide a glimmer of hope for a US-China trade deal.,Yahoo Entertainment,https://finance.yahoo.com/news/live/stock-market-today-sp-500-dow-nasdaq-mixed-as-us-and-china-reboot-trade-talks-133040894.html
2025-06-09T23:11:58Z,macOS 26 Tahoeでは、Mac上でLinuxコンテナを作成/実行できるオープンソースのContainerizationフレームワークが導入。,"macOS 26 Tahoeでは、LinuxコンテナをApple Silicon Mac上で実行できるContainerizationフレームワークが導入されるそうです。詳細は以下から。 　Appleは日本時間2025 […]
The post macOS 26 Tahoeでは、Mac上でLinuxコンテナを作成/実行できるオープンソースのContainerizationフレームワークが導入。 first appeared on AAPL Ch..",Applech2.com,https://applech2.com/archives/20250610-containerization-framework-support-linux-container.html
2025-06-10T21:39:33Z,Apple、macOS 26 TahoeをIntel Macをサポートする最後のmacOSにするのに伴い、x86_64アプリをApple Silicon Macで動作させる「Rosetta 2」の提供をmacOS 27までで終了すると発表。,"AppleがmacOS 26 TahoeをIntel Macをサポートする最後のmacOSにするのに伴い、x86_64アプリをApple Silicon Macで動作させる「Rosetta 2」の提供をmacOS 27 […]
The post Apple、macOS 26 TahoeをIntel Macをサポートする最後のmacOSにするのに伴い、x86_64アプリをApple Silicon Macで動作させる「Rosetta 2」の提供をmacOS 27までで終了すると発表。 first appeared …",Applech2.com,https://applech2.com/archives/20250611-rosetta2-end-macos-27.html
2025-05-24T14:18:14Z,Trump threatens Apple Inc. (AAPL) with New Tariffs if iPhones Not Made in U.S.,President Trump has threatened Apple Inc. (NASDAQ:AAPL) with a 25% tariff for iPhones made outside the country. The latest jab follows Trump’s displeasure...,Yahoo Entertainment,https://finance.yahoo.com/news/trump-threatens-apple-inc-aapl-141814540.html
2025-06-15T09:47:51Z,"Wedbush Reiterates $270 Target on Apple (AAPL), Citing Hopes for AI Execution","Apple Inc. (NASDAQ:AAPL) is one of the 10 best tech stocks to buy according to billionaires right now. On June 10, following Apple’s keynote at the 2025...",Yahoo Entertainment,https://finance.yahoo.com/news/wedbush-reiterates-270-target-apple-094751477.html
2025-05-27T14:01:00Z,"Trump’s new tariff threats may shake stocks’ rally as investors brace for a long, hot summer","Just as investors thought they could take a break from tariff scares, President Trump’s threats of new levies against the EU and Apple threw trade tensions...",MarketWatch,https://www.marketwatch.com/story/trumps-new-tariff-threats-may-shake-stocks-rally-as-investors-embrace-long-hot-summer-ce270757
2025-06-05T07:57:03Z,Apple、2025年5月のmacOS 15 SequoiaやiOS 18、visionOS 2で「Canon EOS R50 V」や「FUJIFILM GFX 100RF」「Nikon COOLPIX P1100」「Sigma BF」のRAWフォーマットをサポートしたと発表。,"Appleが2025年5月時点のmacOS 15 SequoiaやiOS 18、visionOS 2アップデートでCanon EOS R50 VやFUJIFILM GFX 100RF、Sony Alpha ILCE-1 […]
The post Apple、2025年5月のmacOS 15 SequoiaやiOS 18、visionOS 2で「Canon EOS R50 V」や「FUJIFILM GFX 100RF」「Nikon COOLPIX P1100」「Sigma BF」のRAWフォーマットをサポートしたと…",Applech2.com,https://applech2.com/archives/20250605-macos15-ios18-visionos2-camera-raw-update.html
2025-05-24T03:31:26Z,"Apple Faces 'First Serious Threat In 20 Years' As OpenAI Acquires iPhone Maker's Former Design Chief Jony Ive's Hardware Startup, Says Gene Munster","Gene Munster, Managing Partner at Deepwater Asset Management, warned Wednesday that OpenAI represents the first serious competitive threat to Apple Inc...",Yahoo Entertainment,https://finance.yahoo.com/news/apple-faces-first-serious-threat-033126066.html
2025-05-25T12:24:45Z,Bond Yields & Stocks: Something’s Happening Here,Stock weakness has more to do with changing odds of recession than pressure from higher US Treasury yields. Rising global yields and government debt trends are examined.,Forbes,https://www.forbes.com/sites/bill_stone/2025/05/25/bond-yields--stocks-somethings-happening-here/
2025-06-09T19:04:52Z,Jim Cramer Says Apple (AAPL) Seems to Be Hostage to a Different Agenda Inside the White House,"We recently published a list of Jim Cramer Put These 14 Stocks Under the Microscope. In this article, we are going to take a look at where Apple Inc.’s...",Yahoo Entertainment,https://finance.yahoo.com/news/jim-cramer-says-apple-aapl-190452188.html
2025-06-13T03:11:34Z,Apple (AAPL) Stock Holds Steady as Analysts Call WWDC25 a ‘Transition Year’,,Yahoo Entertainment,https://consent.yahoo.com/v2/collectConsent?sessionId=1_cc-session_8aa6e9f4-6517-4fec-ae42-f312ba3a2456
2025-05-30T05:30:03Z,Apple (AAPL) Rated Hold by Loop Capital Amid Tariff and iPhone 17 Buzz,,Yahoo Entertainment,https://consent.yahoo.com/v2/collectConsent?sessionId=1_cc-session_33432c28-eac8-4887-88ca-209de5fa0bb7
2025-05-20T21:36:14Z,"Apple Inc (AAPL), Alphabet Inc (GOOG) Have to Prove Themselves, CNBC Reporter Says",,Yahoo Entertainment,https://consent.yahoo.com/v2/collectConsent?sessionId=1_cc-session_13493671-1150-41fc-8f41-47069ba1696a
2025-06-09T19:37:59Z,Apple、macOS 26 Tahoeで「Metal 4」を導入し、Apple Silicon Macに「Cyberpunk 2077」や「HITMAN: World of Assassination」などのゲームタイトルが移植されることを発表。,"Apple Silicon Macに「Cyberpunk 2077」や「HITMAN: World of Assassination」などのゲームタイトルが移植されることが発表されています。詳細は以下から。 　Appl […]
The post Apple、macOS 26 Tahoeで「Metal 4」を導入し、Apple Silicon Macに「Cyberpunk 2077」や「HITMAN: World of Assassination」などのゲームタイトルが移植されることを発表。 first appea…",Applech2.com,https://applech2.com/archives/20250609-games-coming-apple-silicon-mac-2025.html
2025-05-23T04:28:47Z,Elise Japan、Magic Mouse 2のソールへ取り付けることで滑りを改善し操作性を高める「ZeroPad for Apple Magic Mouse 2」の取り扱いを再開。,"Elise JapanがMagic Mouse 2のソールへ取り付けることで滑りを改善し操作性を高める「ZeroPad for Apple Magic Mouse 2」の取り扱いを再開しています。詳細は以下から。 　神 […]
The post Elise Japan、Magic Mouse 2のソールへ取り付けることで滑りを改善し操作性を高める「ZeroPad for Apple Magic Mouse 2」の取り扱いを再開。 first appeared on AAPL Ch..",Applech2.com,https://applech2.com/archives/20250523-zeropad-for-apple-magic-mouse-2.html
2025-06-14T05:33:29Z,macOS 26 TahoeやiOS 26、tvOS 26、visionOS 26では、全てのデバイスで「Sony PlayStation DualSenseワイヤレスコントローラ」とのペアリングがより簡単に行えるように。,"macOS 26 TahoeやiOS 26、tvOS 26、visionOS 26では、「Sony PlayStation® DualSense™ワイヤレスコントローラ」とのペアリングがより簡単になるよう […]
The post macOS 26 TahoeやiOS 26、tvOS 26、visionOS 26では、全てのデバイスで「Sony PlayStation DualSenseワイヤレスコントローラ」とのペアリングがより簡単に行えるように。 first appeared on AAPL Ch..",Applech2.com,https://applech2.com/archives/20250614-dualsense-wireless-controller-easy-pairing-apple-os-26.html
2025-06-05T03:38:58Z,MacとiPhone/iPad、Vision Pro間でのファイル転送をサポートしたVNCリモートデスクトップクライアント「Screens v5.6」がリリース。,"MacとiPhone/iPad、Vision Pro間でのファイル転送をサポートしたVNCリモートデスクトップクライアント「Screens v5.6」がリリースされています。詳細は以下から。 　カナダEdovia In […]
The post MacとiPhone/iPad、Vision Pro間でのファイル転送をサポートしたVNCリモートデスクトップクライアント「Screens v5.6」がリリース。 first appeared on AAPL Ch..",Applech2.com,https://applech2.com/archives/20250605-screens-support-file-transfer-mac-and-iphone.html
2025-05-28T00:27:48Z,Parallels、MacからWindowsフォルダへのアクセスやWindowsでのMacアプリの利用をサポートした「Parallels Desktop for Mac App Store Edition v1.10.3」をリリース。,"ParallelsがMacからWindowsフォルダへのアクセスやWindowsでのMacアプリの利用、macOSのOBS仮想カメラのWindowsアプリへの接続などをサポートした「Parallels Desktop […]
The post Parallels、MacからWindowsフォルダへのアクセスやWindowsでのMacアプリの利用をサポートした「Parallels Desktop for Mac App Store Edition v1.10.3」をリリース。 first appeared on A…",Applech2.com,https://applech2.com/archives/20250528-parallels-desktop-for-mac-app-store-v1-10-3.html
2025-05-20T16:01:26Z,Apple is currently enjoying a ‘dream scenario’ – Daniel Ives,"Wedbush Securities analyst Dan Ives recently called the Trump administration's 90-day tariff pause ""a dream scenario"" for Apple. Ives…
The post Apple is currently enjoying a ‘dream scenario’ – Daniel Ives appeared first on MacDailyNews.",Macdailynews.com,https://macdailynews.com/2025/05/20/apple-is-currently-enjoying-a-dream-scenario-daniel-ives/
